{
  "project_info": {
    "project_number": "158286125105",
    "firebase_url": "https://textrecognizer-18ca9.firebaseio.com",
    "project_id": "textrecognizer-18ca9",
    "storage_bucket": "textrecognizer-18ca9.appspot.com"
  },
  "client": [
    {
      "client_info": {
        "mobilesdk_app_id": "1:158286125105:android:2a69969b801f3fb8e95d10",
        "android_client_info": {
          "package_name": "com.example.textrecognizer"
        }
      },
      "oauth_client": [
        {
          "client_id": "158286125105-c4u4hcf9qba9hc80dtlus3vc1vok7p7r.apps.googleusercontent.com",
          "client_type": 1,
          "android_info": {
            "package_name": "com.example.textrecognizer",
            "certificate_hash": "3b6977e0c588b99dd467553b9bd3180e8c757795"
          }
        },
        {
          "client_id": "158286125105-nhlskuqn5n1tsb5le0rdetno7cqitgil.apps.googleusercontent.com",
          "client_type": 3
        }
      ],
      "api_key": [
        {
          "current_key": "AIzaSyAXbrHXABXms9evtlphMqCgz8qUcu9hSe8"
        }
      ],
      "services": {
        "appinvite_service": {
          "other_platform_oauth_client": [
            {
              "client_id": "158286125105-nhlskuqn5n1tsb5le0rdetno7cqitgil.apps.googleusercontent.com",
              "client_type": 3
            }
          ]
        }
      }
    }
  ],
  "configuration_version": "1"
}